,Forecast
2020-05-13,3680.941467638615
2020-05-14,3321.5230895434224
2020-05-15,3407.12206301291
2020-05-16,3544.526452001784
2020-05-17,3306.037928563001
2020-05-18,3296.899135712843
2020-05-19,3447.719214826882
2020-05-20,3409.9380528561655
2020-05-21,3506.1707990745617
2020-05-22,3445.7161655870686
2020-05-23,3446.2523807056327
2020-05-24,3562.9359129331074
2020-05-25,3492.687328972787
2020-05-26,3428.1009778797
2020-05-27,3549.7951378440357
2020-05-28,3414.9997914832443
2020-05-29,3430.120875637766
2020-05-30,3497.1112837952082
2020-05-31,3437.7210574488518
2020-06-01,3396.574170793035
2020-06-02,3441.113040630566
2020-06-03,3481.8788887028227
2020-06-04,3463.6757443424603
2020-06-05,3440.178695126572
2020-06-06,3474.5547605329466
2020-06-07,3502.765594455907
2020-06-08,3447.522663818375
2020-06-09,3437.018512072193
2020-06-10,3518.648082025866
2020-06-11,3441.7758903078634
2020-06-12,3437.8619571903982
2020-06-13,3488.3586505673024
2020-06-14,3472.8850785349136
2020-06-15,3424.549112672377
2020-06-16,3441.733445942948
2020-06-17,3502.7935434192814
2020-06-18,3455.3895954198892
2020-06-19,3441.591891337386
2020-06-20,3484.083469496381
2020-06-21,3490.4263879918017
2020-06-22,3438.6800368882614
2020-06-23,3441.959893639952
2020-06-24,3513.3537908003805
2020-06-25,3451.165608140511
2020-06-26,3442.341664376597
2020-06-27,3488.820298162444
2020-06-28,3484.257543307071
2020-06-29,3434.2035515455073
2020-06-30,3444.4583818727424
2020-07-01,3510.6671151956657
2020-07-02,3455.890791598055
2020-07-03,3444.568549362902
2020-07-04,3489.0575619403585
2020-07-05,3489.9496287414336
2020-07-06,3439.0531047766844
2020-07-07,3445.8114230438155
2020-07-08,3514.6198811167214
2020-07-09,3456.129442725927
2020-07-10,3446.0606242197246
2020-07-11,3491.543716053383
2020-07-12,3489.7063384896464
2020-07-13,3439.2301368713374
2020-07-14,3447.7404809753707
2020-07-15,3515.2461362063423
2020-07-16,3458.6163137303774
2020-07-17,3447.9191014027165
2020-07-18,3492.905130747616
2020-07-19,3492.4338238301266
2020-07-20,3441.7476532239
2020-07-21,3449.3803348425786
2020-07-22,3517.538661769261
2020-07-23,3459.976921071637
2020-07-24,3449.594602230829
2020-07-25,3494.8292978551967
2020-07-26,3493.674175518575
2020-07-27,3443.092982238696
2020-07-28,3451.1652454433133
2020-07-29,3518.9966646682274
2020-07-30,3461.9016348675664
2020-07-31,3451.3615667528525
2020-08-01,3496.471822364647
2020-08-02,3495.659031663112
2020-08-03,3445.025325017276
2020-08-04,3452.8774457450045
2020-08-05,3520.872584763299
2020-08-06,3463.543840398039
2020-08-07,3453.082783707084
2020-08-08,3498.255325308583
2020-08-09,3497.2711459408183
2020-08-10,3446.6637173341037
2020-08-11,3454.6260777608272
2020-08-12,3522.5392302001924
2020-08-13,3465.3275174305895
2020-08-14,3454.8268912050066
2020-08-15,3499.9682528115904
2020-08-16,3499.0698827215456
2020-08-17,3448.4493015471594
2020-08-18,3456.35646019895
2020-08-19,3524.3106673008297
2020-08-20,3467.040353200335
2020-08-21,3456.5595422158494
2020-08-22,3501.716513604552
2020-08-23,3500.77518025395
2020-08-24,3450.161183053942
2020-08-25,3458.095982843769
2020-08-26,3526.029632538165
2020-08-27,3468.7886613751357
2020-08-28,3458.297927982697
2020-08-29,3503.447084174263
2020-08-30,3502.527262145496
2020-08-31,3451.909968819503
2020-09-01,3459.830928131226
2020-09-02,3527.774871381063
2020-09-03,3470.5192077597376
2020-09-04,3460.0334428257893
2020-09-05,3505.18651190323
2020-09-06,3504.2559192390263
2020-09-07,3453.640276139862
2020-09-08,3461.5681655815215
2020-09-09,3529.5069546832724
2020-09-10,3472.258647744685
2020-09-11,3461.7703949966476
2020-09-12,3506.9215049434265
2020-09-13,3505.996305129004
2020-09-14,3455.3798358039085
2020-09-15,3463.3042552528664
2020-09-16,3531.245625098087
2020-09-17,3473.993634601753
2020-09-18,3463.5066275406116
2020-09-19,3508.658718411295
2020-09-20,3507.7308183897617
2020-09-21,3457.11476274391
2020-09-22,3465.0409196487185
2020-09-23,3532.9809972915596
2020-09-24,3475.730851180315
2020-09-25,3465.2432203893413
2020-09-26,3510.3948201137564
2020-09-27,3509.468272093011
2020-09-28,3458.852009321065
2020-09-29,3466.777296268955
2020-09-30,3534.7180209274843
2020-10-01,3477.466951320544
2020-10-02,3466.9796328367797
2020-10-03,3512.1314784782626
2020-10-04,3511.2042535060723
2020-10-05,3460.5880944415435
2020-10-06,3468.513816982464
2020-10-07,3536.4542176759273
2020-10-08,3479.2036104687586
2020-10-09,3468.716135610415
2020-10-10,3513.8678581207446
2020-10-11,3512.940972100821
2020-10-12,3462.324761110001
2020-10-13,3470.250265546939
2020-10-14,3538.1908284516553
2020-10-15,3480.9399897183607
2020-10-16,3470.452593157796
2020-10-17,3515.6043773202637
2020-10-18,3514.677321585488
2020-10-19,3464.06113659425
2020-10-20,3471.9867502370503
2020-10-21,3539.927231921686
2020-10-22,3482.6765091147468
2020-10-23,3472.189073350019
2020-10-24,3517.3408266430342
2020-10-25,3516.413855885248
2020-10-26,3465.797657875945
2020-10-27,3473.7232168387955
2020-10-28,3541.6637391907575
2020-10-29,3484.412958338897
2020-10-30,3473.9255422039114
2020-10-31,3519.077310953389
2020-11-01,3518.1502976472307
2020-11-02,3467.5341061561194
2020-11-03,3475.4596924975003
2020-11-04,3543.400194487123
2020-11-05,3486.149442698647
2020-11-06,3475.6620167349456
2020-11-07,3520.8137777453044
2020-11-08,3519.886785743316
2020-11-09,3469.27059098852
2020-11-10,3477.196163621333
2020-11-11,3545.136675806482
2020-11-12,3487.885909465825
2020-11-13,3477.3984884234123
2020-11-14,3522.550253308783
2020-11-15,3521.623250639695
2020-11-16,3471.0070575190402
2020-11-17,3478.9326370158014
2020-11-18,3546.8731440959996
2020-11-19,3489.6223850416914
2020-11-20,3479.134961535164
2020-11-21,3524.2867244802983
2020-11-22,3523.3597271522785
2020-11-23,3472.743533213402
2020-11-24,3480.669109273351
2020-11-25,3548.609618909623
2020-11-26,3491.3588562070045
2020-11-27,3480.871433934272
2020-11-28,3526.0231978508914
2020-11-29,3525.0961978485734
2020-11-30,3474.480004319384
2020-12-01,3482.4055821001616
2020-12-02,3550.346090456595
2020-12-03,3493.095329580703
2020-12-04,3482.6079066902034
2020-12-05,3527.7596701203956
2020-12-06,3526.8326714571117
2020-12-07,3476.21647772279
2020-12-08,3484.14205464194
2020-12-09,3552.0825636391946
2020-12-10,3494.8318018486516
2020-12-11,3484.3443792674707
2020-12-12,3529.4961429412197
2020-12-13,3528.569143607475
2020-12-14,3477.9529499758637
2020-12-15,3485.878527326435
2020-12-16,3553.819036002827
2020-12-17,3496.568274670254
2020-12-18,3486.080851934196
2020-12-19,3531.2326154859948
2020-12-20,3530.305616487953
2020-12-21,3479.689422804914
2020-12-22,3487.6149999394706
2020-12-23,3555.55550877652
2020-12-24,3498.3047472146395
2020-12-25,3487.8173245561293
2020-12-26,3532.969088168989
2020-12-27,3532.0420890028586
2020-12-28,3481.42589534557
2020-12-29,3489.351472588286
2020-12-30,3557.2919813448934
2020-12-31,3500.0412198978283
2021-01-01,3489.5537972004895
2021-01-02,3534.7055607827756
2021-01-03,3533.778561700808
2021-01-04,3483.1623680306266
2021-01-05,3491.0879452191866
2021-01-06,3559.0284540160724
2021-01-07,3501.7776925115186
2021-01-08,3491.2902698336216
2021-01-09,3536.442033431216
2021-01-10,3535.5150343071077
2021-01-11,3484.8988406433814
2021-01-12,3492.8244178590576
2021-01-13,3560.7649266357757
2021-01-14,3503.514165160007
2021-01-15,3493.026742472375
2021-01-16,3538.178506062305
2021-01-17,3537.251506959297
2021-01-18,3486.635313292338
2021-01-19,3494.560890494437
2021-01-20,3562.501399281253
2021-01-21,3505.2506377910713
2021-01-22,3494.7632151083135
2021-01-23,3539.914978702081
2021-01-24,3538.987979588508
2021-01-25,3488.371785923168
2021-01-26,3496.2973631320647
2021-01-27,3564.237871913825
2021-01-28,3506.98711043086
2021-01-29,3496.4996877456615
2021-01-30,3541.6514513375073
2021-01-31,3540.7244522292244
2021-02-01,3490.108258563074
2021-02-02,3498.0338357685673
2021-02-03,3565.974344552859
2021-02-04,3508.7235830662803
2021-02-05,3498.236160382304
2021-02-06,3543.3879239751122
2021-02-07,3542.460924864181
2021-02-08,3491.844731198436
2021-02-09,3499.770308405634
2021-02-10,3567.710817188658
2021-02-11,3510.460055703889
2021-02-12,3499.972633019301
2021-02-13,3545.1243966116276
2021-02-14,3544.197397502022
2021-02-15,3493.581203836074
2021-02-16,3501.506781042418
2021-02-17,3569.447289826077
2021-02-18,3512.196528340402
2021-02-19,3501.7091056561203
2021-02-20,3546.8608692486873
2021-02-21,3545.9338701384177
2021-02-22,3495.3176764725717
2021-02-23,3503.2432536793435
2021-02-24,3571.183762462684
2021-02-25,3513.9330009774626
2021-02-26,3503.4455782930277
2021-02-27,3548.597341885474
2021-02-28,3547.670342775537
2021-03-01,3497.05414910964
2021-03-02,3504.979726316198
2021-03-03,3572.9202350996984
2021-03-04,3515.66947361425
2021-03-05,3505.182050929892
2021-03-06,3550.333814522399
2021-03-07,3549.406815412295
2021-03-08,3498.7906217464238
2021-03-09,3506.7161989530887
2021-03-10,3574.656707736509
2021-03-11,3517.4059462511746
2021-03-12,3506.918523566778
2021-03-13,3552.0702871592543
2021-03-14,3551.143288049234
2021-03-15,3500.52709438335
2021-03-16,3508.452671589961
2021-03-17,3576.3931803734213
2021-03-18,3519.1424188880296
2021-03-19,3508.654996203652
2021-03-20,3553.806759796144
2021-03-21,3552.879760686082
2021-03-22,3502.2635670202044
2021-03-23,3510.1891442268425
2021-03-24,3578.1296530102827
2021-03-25,3520.8788915249197
2021-03-26,3510.3914688405325
2021-03-27,3555.543232433017
2021-03-28,3554.616233322976
2021-03-29,3504.000039657095
2021-03-30,3511.9256168637194
2021-03-31,3579.8661256471696
2021-04-01,3522.615364161792
2021-04-02,3512.12794147741
2021-04-03,3557.279705069898
2021-04-04,3556.3527059598464
2021-04-05,3505.7365122939673
2021-04-06,3513.6620895005985
2021-04-07,3581.602598284044
2021-04-08,3524.3518367986735
2021-04-09,3513.864414114289
2021-04-10,3559.0161777067756
2021-04-11,3558.0891785967297
2021-04-12,3507.472984930849
2021-04-13,3515.3985621374773
2021-04-14,3583.339070920925
2021-04-15,3526.0883094355513
2021-04-16,3515.6008867511678
2021-04-17,3560.752650343655
2021-04-18,3559.825651233606
2021-04-19,3509.209457567726
2021-04-20,3517.135034774356
2021-04-21,3585.0755435578026
2021-04-22,3527.8247820724305
2021-04-23,3517.3373593880465
2021-04-24,3562.4891229805335
2021-04-25,3561.5621238704857
2021-04-26,3510.9459302046057
2021-04-27,3518.8715074112342
2021-04-28,3586.8120161946813
2021-04-29,3529.5612547093083
2021-04-30,3519.0738320249247
2021-05-01,3564.225595617412
2021-05-02,3563.298596507364
2021-05-03,3512.682402841484
2021-05-04,3520.607980048113
2021-05-05,3588.5484888315596
2021-05-06,3531.297727346187
2021-05-07,3520.810304661803
2021-05-08,3565.96206825429
2021-05-09,3565.0350691442422
2021-05-10,3514.418875478362
2021-05-11,3522.344452684991
2021-05-12,3590.2849614684383
2021-05-13,3533.0341999830657
2021-05-14,3522.5467772986817
2021-05-15,3567.6985408911687
2021-05-16,3566.771541781121
2021-05-17,3516.155348115241
2021-05-18,3524.08092532187
2021-05-19,3592.021434105317
2021-05-20,3534.770672619944
2021-05-21,3524.28324993556
2021-05-22,3569.435013528047
2021-05-23,3568.5080144179988
2021-05-24,3517.8918207521187
2021-05-25,3525.8173979587477
2021-05-26,3593.757906742195
2021-05-27,3536.507145256822
2021-05-28,3526.019722572438
2021-05-29,3571.1714861649248
2021-05-30,3570.2444870548766
2021-05-31,3519.6282933889966
2021-06-01,3527.5538705956255
2021-06-02,3595.4943793790726
2021-06-03,3538.2436178936996
2021-06-04,3527.7561952093156
2021-06-05,3572.9079588018026
2021-06-06,3571.9809596917544
2021-06-07,3521.3647660258744
2021-06-08,3529.2903432325033
2021-06-09,3597.2308520159504
2021-06-10,3539.9800905305774
2021-06-11,3529.4926678461934
2021-06-12,3574.6444314386804
2021-06-13,3573.717432328632
2021-06-14,3523.101238662752
2021-06-15,3531.026815869381
2021-06-16,3598.967324652828
2021-06-17,3541.716563167455
2021-06-18,3531.229140483071
2021-06-19,3576.380904075558
2021-06-20,3575.45390496551
2021-06-21,3524.83771129963
2021-06-22,3532.763288506259
2021-06-23,3600.703797289706
2021-06-24,3543.453035804333
2021-06-25,3532.965613119949
2021-06-26,3578.117376712436
2021-06-27,3577.190377602388
2021-06-28,3526.574183936508
2021-06-29,3534.4997611431368
2021-06-30,3602.440269926584
2021-07-01,3545.189508441211
2021-07-02,3534.702085756827
2021-07-03,3579.853849349314
2021-07-04,3578.9268502392656
2021-07-05,3528.3106565733856
2021-07-06,3536.2362337800146
2021-07-07,3604.1767425634616
2021-07-08,3546.9259810780886
2021-07-09,3536.4385583937046
2021-07-10,3581.5903219861916
2021-07-11,3580.6633228761434
2021-07-12,3530.0471292102634
2021-07-13,3537.9727064168924
2021-07-14,3605.9132152003394
2021-07-15,3548.6624537149664
2021-07-16,3538.1750310305824
2021-07-17,3583.3267946230694
2021-07-18,3582.399795513021
2021-07-19,3531.783601847141
2021-07-20,3539.70917905377
2021-07-21,3607.6496878372172
2021-07-22,3550.3989263518442
2021-07-23,3539.9115036674602
2021-07-24,3585.063267259947
2021-07-25,3584.136268149899
2021-07-26,3533.520074484019
2021-07-27,3541.445651690648
2021-07-28,3609.386160474095
2021-07-29,3552.135398988722
2021-07-30,3541.647976304338
2021-07-31,3586.799739896825
2021-08-01,3585.872740786777
2021-08-02,3535.256547120897
2021-08-03,3543.182124327526
2021-08-04,3611.122633110973
2021-08-05,3553.8718716256
2021-08-06,3543.384448941216
2021-08-07,3588.536212533703
2021-08-08,3587.6092134236546
2021-08-09,3536.9930197577746
2021-08-10,3544.9185969644036
2021-08-11,3612.8591057478507
2021-08-12,3555.6083442624777
2021-08-13,3545.1209215780937
2021-08-14,3590.2726851705806
2021-08-15,3589.3456860605324
2021-08-16,3538.7294923946524
2021-08-17,3546.6550696012814
2021-08-18,3614.5955783847285
2021-08-19,3557.3448168993555
2021-08-20,3546.8573942149715
2021-08-21,3592.0091578074585
2021-08-22,3591.0821586974103
2021-08-23,3540.4659650315302
2021-08-24,3548.391542238159
2021-08-25,3616.3320510216063
2021-08-26,3559.0812895362333
2021-08-27,3548.5938668518493
2021-08-28,3593.7456304443363
2021-08-29,3592.818631334288
2021-08-30,3542.202437668408
2021-08-31,3550.128014875037
2021-09-01,3618.068523658484
2021-09-02,3560.817762173111
2021-09-03,3550.330339488727
2021-09-04,3595.482103081214
2021-09-05,3594.555103971166
2021-09-06,3543.938910305286
2021-09-07,3551.864487511915
2021-09-08,3619.804996295362
2021-09-09,3562.554234809989
2021-09-10,3552.066812125605
2021-09-11,3597.218575718092
2021-09-12,3596.2915766080437
2021-09-13,3545.6753829421637
2021-09-14,3553.6009601487926
2021-09-15,3621.5414689322397
2021-09-16,3564.2907074468667
2021-09-17,3553.8032847624827
2021-09-18,3598.9550483549697
2021-09-19,3598.0280492449215
2021-09-20,3547.4118555790415
2021-09-21,3555.3374327856704
2021-09-22,3623.2779415691175
2021-09-23,3566.0271800837445
2021-09-24,3555.5397573993605
2021-09-25,3600.6915209918475
2021-09-26,3599.7645218817993
2021-09-27,3549.1483282159193
2021-09-28,3557.0739054225483
2021-09-29,3625.0144142059953
2021-09-30,3567.7636527206223
2021-10-01,3557.2762300362383
2021-10-02,3602.4279936287253
2021-10-03,3601.500994518677
2021-10-04,3550.884800852797
2021-10-05,3558.810378059426
2021-10-06,3626.750886842873
2021-10-07,3569.5001253575
2021-10-08,3559.012702673116
2021-10-09,3604.164466265603
2021-10-10,3603.237467155555
2021-10-11,3552.621273489675
2021-10-12,3560.546850696304
2021-10-13,3628.487359479751
2021-10-14,3571.236597994378
2021-10-15,3560.749175309994
2021-10-16,3605.900938902481
2021-10-17,3604.9739397924327
2021-10-18,3554.3577461265527
2021-10-19,3562.2833233331817
2021-10-20,3630.2238321166287
2021-10-21,3572.9730706312557
2021-10-22,3562.4856479468717
2021-10-23,3607.6374115393587
2021-10-24,3606.7104124293105
2021-10-25,3556.0942187634305
2021-10-26,3564.0197959700595
2021-10-27,3631.9603047535065
2021-10-28,3574.7095432681335
2021-10-29,3564.2221205837495
2021-10-30,3609.3738841762365
2021-10-31,3608.4468850661883
2021-11-01,3557.8306914003083
2021-11-02,3565.7562686069373
2021-11-03,3633.6967773903843
2021-11-04,3576.4460159050113
2021-11-05,3565.9585932206273
2021-11-06,3611.1103568131143
2021-11-07,3610.183357703066
2021-11-08,3559.567164037186
2021-11-09,3567.492741243815
2021-11-10,3635.433250027262
2021-11-11,3578.182488541889
2021-11-12,3567.695065857505
2021-11-13,3612.846829449992
2021-11-14,3611.919830339944
2021-11-15,3561.303636674064
2021-11-16,3569.229213880693
2021-11-17,3637.16972266414
2021-11-18,3579.918961178767
2021-11-19,3569.431538494383
2021-11-20,3614.58330208687
2021-11-21,3613.6563029768217
2021-11-22,3563.0401093109417
2021-11-23,3570.9656865175707
2021-11-24,3638.9061953010178
2021-11-25,3581.6554338156448
2021-11-26,3571.1680111312608
2021-11-27,3616.3197747237477
2021-11-28,3615.3927756136995
2021-11-29,3564.7765819478195
2021-11-30,3572.7021591544485
2021-12-01,3640.6426679378956
2021-12-02,3583.3919064525226
2021-12-03,3572.9044837681386
2021-12-04,3618.0562473606255
2021-12-05,3617.1292482505773
2021-12-06,3566.5130545846973
2021-12-07,3574.4386317913263
2021-12-08,3642.3791405747734
2021-12-09,3585.1283790894004
2021-12-10,3574.6409564050164
2021-12-11,3619.7927199975034
2021-12-12,3618.865720887455
2021-12-13,3568.249527221575
2021-12-14,3576.175104428204
2021-12-15,3644.115613211651
2021-12-16,3586.864851726278
2021-12-17,3576.377429041894
2021-12-18,3621.529192634381
2021-12-19,3620.602193524333
2021-12-20,3569.985999858453
2021-12-21,3577.911577065082
2021-12-22,3645.852085848529
2021-12-23,3588.601324363156
2021-12-24,3578.113901678772
2021-12-25,3623.265665271259
2021-12-26,3622.3386661612108
2021-12-27,3571.7224724953307
2021-12-28,3579.6480497019597
2021-12-29,3647.588558485407
2021-12-30,3590.337797000034
2021-12-31,3579.85037431565
2022-01-01,3625.002137908137
2022-01-02,3624.0751387980886
2022-01-03,3573.4589451322086
2022-01-04,3581.3845223388375
2022-01-05,3649.3250311222846
2022-01-06,3592.0742696369116
2022-01-07,3581.5868469525276
2022-01-08,3626.7386105450146
2022-01-09,3625.8116114349664
2022-01-10,3575.1954177690864
2022-01-11,3583.1209949757153
2022-01-12,3651.0615037591624
2022-01-13,3593.8107422737894
2022-01-14,3583.3233195894054
2022-01-15,3628.4750831818924
2022-01-16,3627.548084071844
2022-01-17,3576.931890405964
2022-01-18,3584.857467612593
2022-01-19,3652.79797639604
2022-01-20,3595.547214910667
2022-01-21,3585.059792226283
2022-01-22,3630.21155581877
2022-01-23,3629.284556708722
2022-01-24,3578.668363042842
2022-01-25,3586.593940249471
2022-01-26,3654.534449032918
2022-01-27,3597.283687547545
2022-01-28,3586.796264863161
2022-01-29,3631.948028455648
2022-01-30,3631.0210293456
2022-01-31,3580.40483567972
2022-02-01,3588.3304128863488
2022-02-02,3656.270921669796
2022-02-03,3599.020160184423
2022-02-04,3588.532737500039
2022-02-05,3633.684501092526
2022-02-06,3632.7575019824776
2022-02-07,3582.1413083165976
2022-02-08,3590.0668855232266
2022-02-09,3658.0073943066736
2022-02-10,3600.7566328213006
2022-02-11,3590.2692101369166
2022-02-12,3635.4209737294036
2022-02-13,3634.4939746193554
2022-02-14,3583.8777809534754
2022-02-15,3591.8033581601044
2022-02-16,3659.7438669435514
2022-02-17,3602.4931054581784
2022-02-18,3592.0056827737944
2022-02-19,3637.1574463662814
2022-02-20,3636.230447256233
2022-02-21,3585.614253590353
2022-02-22,3593.539830796982
2022-02-23,3661.4803395804292
2022-02-24,3604.2295780950562
2022-02-25,3593.7421554106722
2022-02-26,3638.893919003159
2022-02-27,3637.966919893111
2022-02-28,3587.350726227231
2022-03-01,3595.27630343386
2022-03-02,3663.216812217307
2022-03-03,3605.966050731934
2022-03-04,3595.47862804755
2022-03-05,3640.630391640037
2022-03-06,3639.703392529989
2022-03-07,3589.087198864109
2022-03-08,3597.012776070738
2022-03-09,3664.953284854185
2022-03-10,3607.702523368812
2022-03-11,3597.215100684428
2022-03-12,3642.366864276915
2022-03-13,3641.4398651668666
2022-03-14,3590.8236715009866
2022-03-15,3598.7492487076156
2022-03-16,3666.6897574910627
2022-03-17,3609.4389960056897
2022-03-18,3598.9515733213057
2022-03-19,3644.1033369137926
2022-03-20,3643.1763378037444
2022-03-21,3592.5601441378644
2022-03-22,3600.4857213444934
2022-03-23,3668.4262301279405
2022-03-24,3611.1754686425675
2022-03-25,3600.6880459581835
2022-03-26,3645.8398095506705
2022-03-27,3644.9128104406223
2022-03-28,3594.2966167747422
2022-03-29,3602.222193981371
2022-03-30,3670.1627027648183
2022-03-31,3612.9119412794453
2022-04-01,3602.4245185950613
2022-04-02,3647.5762821875483
2022-04-03,3646.6492830775
2022-04-04,3596.03308941162
2022-04-05,3603.958666618249
2022-04-06,3671.899175401696
2022-04-07,3614.648413916323
2022-04-08,3604.160991231939
2022-04-09,3649.312754824426
2022-04-10,3648.385755714378
2022-04-11,3597.769562048498
2022-04-12,3605.695139255127
2022-04-13,3673.635648038574
2022-04-14,3616.384886553201
2022-04-15,3605.897463868817
2022-04-16,3651.049227461304
2022-04-17,3650.1222283512557
2022-04-18,3599.5060346853757
2022-04-19,3607.4316118920046
2022-04-20,3675.3721206754517
2022-04-21,3618.1213591900787
2022-04-22,3607.6339365056947
2022-04-23,3652.7857000981817
2022-04-24,3651.8587009881335
2022-04-25,3601.2425073222535
2022-04-26,3609.1680845288824
2022-04-27,3677.1085933123295
2022-04-28,3619.8578318269565
2022-04-29,3609.3704091425725
2022-04-30,3654.5221727350595
2022-05-01,3653.5951736250113
2022-05-02,3602.9789799591313
2022-05-03,3610.9045571657603
2022-05-04,3678.8450659492073
2022-05-05,3621.5943044638343
2022-05-06,3611.1068817794503
2022-05-07,3656.2586453719373
2022-05-08,3655.331646261889
2022-05-09,3604.715452596009
2022-05-10,3612.641029802638
2022-05-11,3680.581538586085
2022-05-12,3623.330777100712
2022-05-13,3612.843354416328
2022-05-14,3657.995118008815
2022-05-15,3657.068118898767
2022-05-16,3606.451925232887
2022-05-17,3614.377502439516
2022-05-18,3682.318011222963
2022-05-19,3625.06724973759
2022-05-20,3614.579827053206
2022-05-21,3659.731590645693
2022-05-22,3658.8045915356447
2022-05-23,3608.1883978697647
2022-05-24,3616.1139750763937
2022-05-25,3684.0544838598407
2022-05-26,3626.8037223744677
2022-05-27,3616.3162996900837
2022-05-28,3661.4680632825707
2022-05-29,3660.5410641725225
2022-05-30,3609.9248705066425
2022-05-31,3617.8504477132715
2022-06-01,3685.7909564967185
2022-06-02,3628.5401950113455
2022-06-03,3618.0527723269615
2022-06-04,3663.2045359194485
2022-06-05,3662.2775368094003
2022-06-06,3611.6613431435203
2022-06-07,3619.5869203501493
2022-06-08,3687.5274291335963
2022-06-09,3630.2766676482233
2022-06-10,3619.7892449638393
2022-06-11,3664.9410085563263
2022-06-12,3664.014009446278
2022-06-13,3613.397815780398
2022-06-14,3621.323392987027
2022-06-15,3689.263901770474
2022-06-16,3632.013140285101
2022-06-17,3621.525717600717
2022-06-18,3666.677481193204
2022-06-19,3665.750482083156
2022-06-20,3615.134288417276
2022-06-21,3623.059865623905
2022-06-22,3691.000374407352
2022-06-23,3633.749612921979
2022-06-24,3623.262190237595
2022-06-25,3668.413953830082
2022-06-26,3667.4869547200337
2022-06-27,3616.8707610541537
2022-06-28,3624.7963382607827
2022-06-29,3692.7368470442298
2022-06-30,3635.4860855588568
2022-07-01,3624.9986628744728
2022-07-02,3670.1504264669597
2022-07-03,3669.2234273569115
2022-07-04,3618.6072336910315
2022-07-05,3626.5328108976605
2022-07-06,3694.4733196811076
2022-07-07,3637.2225581957346
2022-07-08,3626.7351355113506
2022-07-09,3671.8868991038375
2022-07-10,3670.9598999937893
2022-07-11,3620.3437063279093
2022-07-12,3628.2692835345383
2022-07-13,3696.2097923179854
2022-07-14,3638.9590308326124
2022-07-15,3628.4716081482284
2022-07-16,3673.6233717407154
2022-07-17,3672.696372630667
2022-07-18,3622.080178964787
2022-07-19,3630.005756171416
2022-07-20,3697.946264954863
2022-07-21,3640.69550346949
2022-07-22,3630.208080785106
2022-07-23,3675.359844377593
2022-07-24,3674.432845267545
2022-07-25,3623.816651601665
2022-07-26,3631.742228808294
2022-07-27,3699.682737591741
2022-07-28,3642.431976106368
2022-07-29,3631.944553421984
2022-07-30,3677.096317014471
2022-07-31,3676.1693179044228
2022-08-01,3625.5531242385428
2022-08-02,3633.4787014451717
2022-08-03,3701.419210228619
2022-08-04,3644.168448743246
2022-08-05,3633.681026058862
2022-08-06,3678.832789651349
2022-08-07,3677.9057905413006
2022-08-08,3627.2895968754206
2022-08-09,3635.2151740820495
2022-08-10,3703.1556828654966
2022-08-11,3645.9049213801236
2022-08-12,3635.4174986957396
2022-08-13,3680.5692622882266
2022-08-14,3679.6422631781784
2022-08-15,3629.0260695122984
2022-08-16,3636.9516467189273
2022-08-17,3704.8921555023744
2022-08-18,3647.6413940170014
2022-08-19,3637.1539713326174
2022-08-20,3682.3057349251044
2022-08-21,3681.378735815056
2022-08-22,3630.762542149176
2022-08-23,3638.688119355805
2022-08-24,3706.628628139252
2022-08-25,3649.377866653879
2022-08-26,3638.890443969495
2022-08-27,3684.042207561982
2022-08-28,3683.115208451934
2022-08-29,3632.499014786054
2022-08-30,3640.424591992683
2022-08-31,3708.36510077613
2022-09-01,3651.114339290757
2022-09-02,3640.626916606373
2022-09-03,3685.77868019886
2022-09-04,3684.851681088812
2022-09-05,3634.235487422932
2022-09-06,3642.1610646295608
2022-09-07,3710.101573413008
2022-09-08,3652.850811927635
2022-09-09,3642.363389243251
2022-09-10,3687.515152835738
2022-09-11,3686.5881537256896
2022-09-12,3635.9719600598096
2022-09-13,3643.8975372664386
2022-09-14,3711.8380460498856
2022-09-15,3654.5872845645126
2022-09-16,3644.0998618801286
2022-09-17,3689.2516254726156
2022-09-18,3688.3246263625674
2022-09-19,3637.7084326966874
2022-09-20,3645.6340099033164
2022-09-21,3713.5745186867634
2022-09-22,3656.3237572013904
2022-09-23,3645.8363345170064
2022-09-24,3690.9880981094934
2022-09-25,3690.061098999445
2022-09-26,3639.444905333565
2022-09-27,3647.370482540194
2022-09-28,3715.3109913236412
2022-09-29,3658.0602298382682
2022-09-30,3647.5728071538842
2022-10-01,3692.7245707463712
2022-10-02,3691.797571636323
2022-10-03,3641.181377970443
2022-10-04,3649.106955177072
2022-10-05,3717.047463960519
2022-10-06,3659.796702475146
2022-10-07,3649.309279790762
2022-10-08,3694.461043383249
2022-10-09,3693.534044273201
2022-10-10,3642.917850607321
2022-10-11,3650.84342781395
2022-10-12,3718.783936597397
2022-10-13,3661.533175112024
2022-10-14,3651.04575242764
2022-10-15,3696.197516020127
2022-10-16,3695.2705169100786
2022-10-17,3644.6543232441986
2022-10-18,3652.5799004508276
2022-10-19,3720.5204092342747
2022-10-20,3663.2696477489017
2022-10-21,3652.7822250645177
2022-10-22,3697.9339886570046
2022-10-23,3697.0069895469564
2022-10-24,3646.3907958810764
2022-10-25,3654.3163730877054
2022-10-26,3722.2568818711525
2022-10-27,3665.0061203857795
2022-10-28,3654.5186977013955
2022-10-29,3699.6704612938825
2022-10-30,3698.7434621838343
2022-10-31,3648.1272685179542
2022-11-01,3656.052845724583
2022-11-02,3723.9933545080303
2022-11-03,3666.7425930226573
2022-11-04,3656.2551703382733
2022-11-05,3701.4069339307603
2022-11-06,3700.479934820712
2022-11-07,3649.863741154832
2022-11-08,3657.789318361461
2022-11-09,3725.729827144908
2022-11-10,3668.479065659535
2022-11-11,3657.991642975151
2022-11-12,3703.143406567638
2022-11-13,3702.21640745759
2022-11-14,3651.60021379171
2022-11-15,3659.525790998339
2022-11-16,3727.466299781786
2022-11-17,3670.215538296413
2022-11-18,3659.728115612029
2022-11-19,3704.879879204516
2022-11-20,3703.9528800944677
2022-11-21,3653.3366864285877
2022-11-22,3661.2622636352166
2022-11-23,3729.2027724186637
2022-11-24,3671.9520109332907
2022-11-25,3661.4645882489067
2022-11-26,3706.6163518413937
2022-11-27,3705.6893527313455
2022-11-28,3655.0731590654655
2022-11-29,3662.9987362720944
2022-11-30,3730.9392450555415
2022-12-01,3673.6884835701685
2022-12-02,3663.2010608857845
2022-12-03,3708.3528244782715
2022-12-04,3707.4258253682233
2022-12-05,3656.8096317023433
2022-12-06,3664.7352089089723
2022-12-07,3732.6757176924193
2022-12-08,3675.4249562070463
2022-12-09,3664.9375335226623
2022-12-10,3710.0892971151493
2022-12-11,3709.162298005101
2022-12-12,3658.546104339221
2022-12-13,3666.47168154585
2022-12-14,3734.412190329297
2022-12-15,3677.161428843924
2022-12-16,3666.67400615954
2022-12-17,3711.825769752027
2022-12-18,3710.898770641979
2022-12-19,3660.282576976099
2022-12-20,3668.208154182728
2022-12-21,3736.148662966175
2022-12-22,3678.897901480802
2022-12-23,3668.410478796418
2022-12-24,3713.562242388905
2022-12-25,3712.6352432788567
2022-12-26,3662.0190496129767
2022-12-27,3669.9446268196057
2022-12-28,3737.8851356030527
2022-12-29,3680.6343741176797
2022-12-30,3670.1469514332957
2022-12-31,3715.2987150257827
2023-01-01,3714.3717159157345
2023-01-02,3663.7555222498545
2023-01-03,3671.6810994564835
2023-01-04,3739.6216082399305
2023-01-05,3682.3708467545575
2023-01-06,3671.8834240701735
2023-01-07,3717.0351876626605
2023-01-08,3716.1081885526123
2023-01-09,3665.4919948867323
2023-01-10,3673.4175720933613
2023-01-11,3741.3580808768083
2023-01-12,3684.1073193914353
2023-01-13,3673.6198967070513
2023-01-14,3718.7716602995383
2023-01-15,3717.84466118949
2023-01-16,3667.22846752361
2023-01-17,3675.154044730239
2023-01-18,3743.094553513686
2023-01-19,3685.843792028313
2023-01-20,3675.356369343929
2023-01-21,3720.508132936416
2023-01-22,3719.581133826368
2023-01-23,3668.964940160488
2023-01-24,3676.890517367117
2023-01-25,3744.831026150564
2023-01-26,3687.580264665191
2023-01-27,3677.092841980807
2023-01-28,3722.244605573294
2023-01-29,3721.3176064632457
2023-01-30,3670.7014127973657
2023-01-31,3678.6269900039947
2023-02-01,3746.5674987874418
2023-02-02,3689.3167373020688
2023-02-03,3678.8293146176848
2023-02-04,3723.9810782101717
2023-02-05,3723.0540791001235
2023-02-06,3672.4378854342435
2023-02-07,3680.3634626408725
2023-02-08,3748.3039714243196
2023-02-09,3691.0532099389466
2023-02-10,3680.5657872545626
2023-02-11,3725.7175508470496
2023-02-12,3724.7905517370014
2023-02-13,3674.1743580711213
2023-02-14,3682.0999352777503
2023-02-15,3750.0404440611974
2023-02-16,3692.7896825758244
2023-02-17,3682.3022598914404
2023-02-18,3727.4540234839274
2023-02-19,3726.527024373879
2023-02-20,3675.910830707999
2023-02-21,3683.836407914628
2023-02-22,3751.776916698075
2023-02-23,3694.526155212702
2023-02-24,3684.038732528318
2023-02-25,3729.190496120805
2023-02-26,3728.263497010757
2023-02-27,3677.647303344877
2023-02-28,3685.572880551506
2023-03-01,3753.513389334953
2023-03-02,3696.26262784958
2023-03-03,3685.775205165196
2023-03-04,3730.926968757683
2023-03-05,3729.9999696476348
2023-03-06,3679.3837759817548
2023-03-07,3687.3093531883837
2023-03-08,3755.249861971831
2023-03-09,3697.999100486458
2023-03-10,3687.511677802074
2023-03-11,3732.663441394561
2023-03-12,3731.7364422845126
2023-03-13,3681.1202486186326
2023-03-14,3689.0458258252615
2023-03-15,3756.9863346087086
2023-03-16,3699.7355731233356
2023-03-17,3689.2481504389516
2023-03-18,3734.3999140314386
2023-03-19,3733.4729149213904
2023-03-20,3682.8567212555104
2023-03-21,3690.7822984621394
2023-03-22,3758.7228072455864
2023-03-23,3701.4720457602134
2023-03-24,3690.9846230758294
2023-03-25,3736.1363866683164
2023-03-26,3735.209387558268
2023-03-27,3684.593193892388
2023-03-28,3692.518771099017
2023-03-29,3760.459279882464
2023-03-30,3703.208518397091
2023-03-31,3692.721095712707
2023-04-01,3737.872859305194
2023-04-02,3736.945860195146
2023-04-03,3686.329666529266
2023-04-04,3694.255243735895
2023-04-05,3762.195752519342
2023-04-06,3704.944991033969
2023-04-07,3694.457568349585
2023-04-08,3739.609331942072
2023-04-09,3738.682332832024
2023-04-10,3688.066139166144
2023-04-11,3695.9917163727728
2023-04-12,3763.93222515622
2023-04-13,3706.681463670847
2023-04-14,3696.194040986463
2023-04-15,3741.34580457895
2023-04-16,3740.4188054689016
2023-04-17,3689.8026118030216
2023-04-18,3697.7281890096506
2023-04-19,3765.6686977930976
2023-04-20,3708.4179363077246
2023-04-21,3697.9305136233406
2023-04-22,3743.0822772158276
2023-04-23,3742.1552781057794
2023-04-24,3691.5390844398994
2023-04-25,3699.4646616465284
2023-04-26,3767.4051704299754
2023-04-27,3710.1544089446024
2023-04-28,3699.6669862602184
2023-04-29,3744.8187498527054
2023-04-30,3743.891750742657
2023-05-01,3693.275557076777
2023-05-02,3701.201134283406
2023-05-03,3769.1416430668532
2023-05-04,3711.8908815814802
2023-05-05,3701.4034588970962
2023-05-06,3746.5552224895832
2023-05-07,3745.628223379535
2023-05-08,3695.012029713655
2023-05-09,3702.937606920284
2023-05-10,3770.878115703731
2023-05-11,3713.627354218358
2023-05-12,3703.139931533974
2023-05-13,3748.291695126461
2023-05-14,3747.364696016413
2023-05-15,3696.748502350533
2023-05-16,3704.674079557162
2023-05-17,3772.614588340609
2023-05-18,3715.363826855236
2023-05-19,3704.876404170852
2023-05-20,3750.028167763339
2023-05-21,3749.1011686532906
2023-05-22,3698.4849749874106
2023-05-23,3706.4105521940396
2023-05-24,3774.3510609774867
2023-05-25,3717.1002994921137
2023-05-26,3706.6128768077297
2023-05-27,3751.7646404002166
2023-05-28,3750.8376412901684
2023-05-29,3700.2214476242884
2023-05-30,3708.1470248309174
2023-05-31,3776.0875336143645
2023-06-01,3718.8367721289915
2023-06-02,3708.3493494446075
2023-06-03,3753.5011130370945
2023-06-04,3752.5741139270463
2023-06-05,3701.9579202611662
2023-06-06,3709.883497467795
2023-06-07,3777.8240062512423
2023-06-08,3720.5732447658693
2023-06-09,3710.0858220814853
2023-06-10,3755.2375856739723
2023-06-11,3754.310586563924
2023-06-12,3703.694392898044
2023-06-13,3711.619970104673
2023-06-14,3779.56047888812
2023-06-15,3722.309717402747
2023-06-16,3711.822294718363
2023-06-17,3756.97405831085
2023-06-18,3756.047059200802
2023-06-19,3705.430865534922
2023-06-20,3713.356442741551
2023-06-21,3781.296951524998
2023-06-22,3724.046190039625
2023-06-23,3713.558767355241
2023-06-24,3758.710530947728
2023-06-25,3757.7835318376797
2023-06-26,3707.1673381717997
2023-06-27,3715.0929153784286
2023-06-28,3783.0334241618757
2023-06-29,3725.7826626765027
2023-06-30,3715.2952399921187
2023-07-01,3760.4470035846057
2023-07-02,3759.5200044745575
2023-07-03,3708.9038108086775
2023-07-04,3716.8293880153064
2023-07-05,3784.7698967987535
2023-07-06,3727.5191353133805
2023-07-07,3717.0317126289965
2023-07-08,3762.1834762214835
2023-07-09,3761.2564771114353
2023-07-10,3710.6402834455553
2023-07-11,3718.5658606521843
2023-07-12,3786.5063694356313
2023-07-13,3729.2556079502583
2023-07-14,3718.7681852658743
2023-07-15,3763.9199488583613
2023-07-16,3762.992949748313
2023-07-17,3712.376756082433
2023-07-18,3720.302333289062
2023-07-19,3788.242842072509
2023-07-20,3730.992080587136
2023-07-21,3720.504657902752
2023-07-22,3765.656421495239
2023-07-23,3764.729422385191
2023-07-24,3714.113228719311
2023-07-25,3722.03880592594
2023-07-26,3789.979314709387
2023-07-27,3732.728553224014
2023-07-28,3722.24113053963
2023-07-29,3767.392894132117
2023-07-30,3766.4658950220687
2023-07-31,3715.8497013561887
2023-08-01,3723.7752785628177
2023-08-02,3791.7157873462647
2023-08-03,3734.4650258608917
2023-08-04,3723.9776031765077
2023-08-05,3769.1293667689947
2023-08-06,3768.2023676589465
2023-08-07,3717.5861739930665
2023-08-08,3725.5117511996955
2023-08-09,3793.4522599831425
2023-08-10,3736.2014984977695
2023-08-11,3725.7140758133855
2023-08-12,3770.8658394058725
2023-08-13,3769.9388402958243
2023-08-14,3719.3226466299443
2023-08-15,3727.2482238365733
2023-08-16,3795.1887326200203
2023-08-17,3737.9379711346473
2023-08-18,3727.4505484502633
2023-08-19,3772.6023120427503
2023-08-20,3771.675312932702
2023-08-21,3721.059119266822
2023-08-22,3728.984696473451
2023-08-23,3796.925205256898
2023-08-24,3739.674443771525
2023-08-25,3729.187021087141
2023-08-26,3774.338784679628
2023-08-27,3773.41178556958
2023-08-28,3722.7955919037
2023-08-29,3730.721169110329
2023-08-30,3798.661677893776
2023-08-31,3741.410916408403
2023-09-01,3730.923493724019
2023-09-02,3776.075257316506
2023-09-03,3775.1482582064577
2023-09-04,3724.5320645405777
2023-09-05,3732.4576417472067
2023-09-06,3800.3981505306538
2023-09-07,3743.1473890452808
2023-09-08,3732.6599663608968
2023-09-09,3777.8117299533837
2023-09-10,3776.8847308433355
2023-09-11,3726.2685371774555
2023-09-12,3734.1941143840845
2023-09-13,3802.1346231675316
2023-09-14,3744.8838616821586
2023-09-15,3734.3964389977746
2023-09-16,3779.5482025902616
2023-09-17,3778.6212034802134
2023-09-18,3728.0050098143333
2023-09-19,3735.9305870209623
2023-09-20,3803.8710958044094
2023-09-21,3746.6203343190364
2023-09-22,3736.1329116346524
2023-09-23,3781.2846752271394
2023-09-24,3780.357676117091
2023-09-25,3729.741482451211
2023-09-26,3737.66705965784
2023-09-27,3805.607568441287
2023-09-28,3748.356806955914
2023-09-29,3737.86938427153
2023-09-30,3783.021147864017
2023-10-01,3782.094148753969
2023-10-02,3731.477955088089
2023-10-03,3739.403532294718
2023-10-04,3807.344041078165
2023-10-05,3750.093279592792
2023-10-06,3739.605856908408
2023-10-07,3784.757620500895
2023-10-08,3783.8306213908468
2023-10-09,3733.2144277249668
2023-10-10,3741.1400049315957
2023-10-11,3809.080513715043
2023-10-12,3751.82975222967
2023-10-13,3741.342329545286
2023-10-14,3786.494093137773
2023-10-15,3785.5670940277246
2023-10-16,3734.9509003618446
2023-10-17,3742.8764775684735
2023-10-18,3810.8169863519206
2023-10-19,3753.5662248665476
2023-10-20,3743.0788021821636
2023-10-21,3788.2305657746506
2023-10-22,3787.3035666646024
2023-10-23,3736.6873729987224
2023-10-24,3744.6129502053514
2023-10-25,3812.5534589887984
2023-10-26,3755.3026975034254
2023-10-27,3744.8152748190414
2023-10-28,3789.9670384115284
2023-10-29,3789.04003930148
2023-10-30,3738.4238456356
2023-10-31,3746.349422842229
2023-11-01,3814.289931625676
2023-11-02,3757.039170140303
2023-11-03,3746.551747455919
2023-11-04,3791.703511048406
2023-11-05,3790.776511938358
2023-11-06,3740.160318272478
2023-11-07,3748.085895479107
2023-11-08,3816.026404262554
2023-11-09,3758.775642777181
2023-11-10,3748.288220092797
2023-11-11,3793.439983685284
2023-11-12,3792.512984575236
2023-11-13,3741.896790909356
2023-11-14,3749.822368115985
2023-11-15,3817.762876899432
2023-11-16,3760.512115414059
2023-11-17,3750.024692729675
2023-11-18,3795.176456322162
2023-11-19,3794.2494572121136
2023-11-20,3743.6332635462336
2023-11-21,3751.5588407528626
2023-11-22,3819.4993495363096
2023-11-23,3762.2485880509366
2023-11-24,3751.7611653665526
2023-11-25,3796.9129289590396
2023-11-26,3795.9859298489914
2023-11-27,3745.3697361831114
2023-11-28,3753.2953133897404
2023-11-29,3821.2358221731874
2023-11-30,3763.9850606878144
2023-12-01,3753.4976380034304
2023-12-02,3798.6494015959174
2023-12-03,3797.722402485869
2023-12-04,3747.106208819989
2023-12-05,3755.031786026618
2023-12-06,3822.9722948100653
2023-12-07,3765.7215333246922
2023-12-08,3755.2341106403082
2023-12-09,3800.3858742327952
2023-12-10,3799.458875122747
2023-12-11,3748.842681456867
2023-12-12,3756.768258663496
2023-12-13,3824.708767446943
2023-12-14,3767.45800596157
2023-12-15,3756.970583277186
2023-12-16,3802.122346869673
2023-12-17,3801.195347759625
2023-12-18,3750.579154093745
2023-12-19,3758.504731300374
2023-12-20,3826.445240083821
2023-12-21,3769.194478598448
2023-12-22,3758.707055914064
2023-12-23,3803.858819506551
2023-12-24,3802.9318203965026
2023-12-25,3752.3156267306226
2023-12-26,3760.2412039372516
2023-12-27,3828.1817127206987
2023-12-28,3770.9309512353257
2023-12-29,3760.4435285509417
2023-12-30,3805.5952921434287
2023-12-31,3804.6682930333805
2024-01-01,3754.0520993675004
2024-01-02,3761.9776765741294
2024-01-03,3829.9181853575765
2024-01-04,3772.6674238722035
2024-01-05,3762.1800011878195
2024-01-06,3807.3317647803065
2024-01-07,3806.4047656702583
2024-01-08,3755.7885720043782
2024-01-09,3763.714149211007
2024-01-10,3831.6546579944543
2024-01-11,3774.4038965090813
2024-01-12,3763.9164738246973
2024-01-13,3809.0682374171843
2024-01-14,3808.141238307136
2024-01-15,3757.525044641256
2024-01-16,3765.450621847885
2024-01-17,3833.391130631332
2024-01-18,3776.140369145959
2024-01-19,3765.652946461575
2024-01-20,3810.804710054062
2024-01-21,3809.877710944014
2024-01-22,3759.261517278134
2024-01-23,3767.187094484763
2024-01-24,3835.12760326821
2024-01-25,3777.876841782837
2024-01-26,3767.389419098453
2024-01-27,3812.54118269094
2024-01-28,3811.6141835808917
2024-01-29,3760.9979899150117
2024-01-30,3768.9235671216406
2024-01-31,3836.8640759050877
2024-02-01,3779.6133144197147
2024-02-02,3769.1258917353307
2024-02-03,3814.2776553278177
2024-02-04,3813.3506562177695
2024-02-05,3762.7344625518895
2024-02-06,3770.6600397585185
2024-02-07,3838.6005485419655
2024-02-08,3781.3497870565925
2024-02-09,3770.8623643722085
2024-02-10,3816.0141279646955
2024-02-11,3815.0871288546473
2024-02-12,3764.4709351887673
2024-02-13,3772.3965123953963
2024-02-14,3840.3370211788433
2024-02-15,3783.0862596934703
2024-02-16,3772.5988370090863
2024-02-17,3817.7506006015733
2024-02-18,3816.823601491525
2024-02-19,3766.207407825645
2024-02-20,3774.132985032274
2024-02-21,3842.073493815721
2024-02-22,3784.822732330348
2024-02-23,3774.335309645964
2024-02-24,3819.487073238451
2024-02-25,3818.560074128403
2024-02-26,3767.943880462523
2024-02-27,3775.869457669152
2024-02-28,3843.809966452599
2024-02-29,3786.559204967226
2024-03-01,3776.071782282842
2024-03-02,3821.223545875329
2024-03-03,3820.2965467652807
2024-03-04,3769.6803530994007
2024-03-05,3777.6059303060297
2024-03-06,3845.5464390894767
2024-03-07,3788.2956776041037
2024-03-08,3777.8082549197197
2024-03-09,3822.9600185122067
2024-03-10,3822.0330194021585
2024-03-11,3771.4168257362785
2024-03-12,3779.3424029429075
2024-03-13,3847.2829117263545
2024-03-14,3790.0321502409815
2024-03-15,3779.5447275565975
2024-03-16,3824.6964911490845
2024-03-17,3823.7694920390363
2024-03-18,3773.1532983731563
2024-03-19,3781.0788755797853
2024-03-20,3849.0193843632323
2024-03-21,3791.7686228778593
2024-03-22,3781.2812001934753
2024-03-23,3826.4329637859623
2024-03-24,3825.505964675914
2024-03-25,3774.889771010034
2024-03-26,3782.815348216663
2024-03-27,3850.75585700011
2024-03-28,3793.505095514737
2024-03-29,3783.017672830353
2024-03-30,3828.16943642284
2024-03-31,3827.242437312792
2024-04-01,3776.626243646912
2024-04-02,3784.551820853541
2024-04-03,3852.492329636988
2024-04-04,3795.241568151615
2024-04-05,3784.754145467231
2024-04-06,3829.905909059718
2024-04-07,3828.9789099496697
2024-04-08,3778.3627162837897
2024-04-09,3786.2882934904187
2024-04-10,3854.2288022738658
2024-04-11,3796.9780407884928
2024-04-12,3786.4906181041088
2024-04-13,3831.6423816965957
2024-04-14,3830.7153825865475
2024-04-15,3780.0991889206675
2024-04-16,3788.0247661272965
2024-04-17,3855.9652749107436
2024-04-18,3798.7145134253706
2024-04-19,3788.2270907409866
2024-04-20,3833.3788543334736
2024-04-21,3832.4518552234254
2024-04-22,3781.8356615575453
2024-04-23,3789.7612387641743
2024-04-24,3857.7017475476214
2024-04-25,3800.4509860622484
2024-04-26,3789.9635633778644
2024-04-27,3835.1153269703514
2024-04-28,3834.188327860303
2024-04-29,3783.572134194423
2024-04-30,3791.497711401052
2024-05-01,3859.438220184499
2024-05-02,3802.187458699126
2024-05-03,3791.700036014742
2024-05-04,3836.851799607229
2024-05-05,3835.924800497181
2024-05-06,3785.308606831301
2024-05-07,3793.23418403793
2024-05-08,3861.174692821377
2024-05-09,3803.923931336004
2024-05-10,3793.43650865162
2024-05-11,3838.588272244107
